City_ID,City,Country,Date,Lat,Lng,Max Temp,Humidity,Cloudiness,Wind Speed
0,Isangel,VU,2022-05-20 22:40:29,-19.55,169.2667,78.91,94,75,14.97
1,General Cepeda,MX,2022-05-20 22:47:45,25.3833,-101.45,94.06,8,35,19.57
2,Pangnirtung,CA,2022-05-20 22:39:12,66.1451,-65.7125,34.23,89,100,1.59
3,Cape Town,ZA,2022-05-20 22:47:46,-33.9258,18.4232,55.11,83,20,1.14
4,Scottsbluff,US,2022-05-20 22:43:02,41.8666,-103.6672,48.29,43,100,21.85
5,East London,ZA,2022-05-20 22:38:02,-33.0153,27.9116,61.12,74,100,8.16
6,Vaini,TO,2022-05-20 22:47:46,-21.2,-175.2,80.76,78,20,6.91
7,Powassan,CA,2022-05-20 22:47:46,46.0334,-79.3496,77.86,74,99,15.99
8,Kaitangata,NZ,2022-05-20 22:41:35,-46.2817,169.8464,45.97,78,77,20.71
9,Chai Nat,TH,2022-05-20 22:47:47,15.1167,100.1,81.05,80,100,8.72
10,Coquimbo,CL,2022-05-20 22:47:47,-29.9533,-71.3436,60.53,82,0,5.75
11,Fairbanks,US,2022-05-20 22:47:47,64.8378,-147.7164,72.01,28,0,1.01
12,Bredasdorp,ZA,2022-05-20 22:47:47,-34.5322,20.0403,50.7,79,7,5.7
13,Torbay,CA,2022-05-20 22:47:48,47.6666,-52.7314,48.97,61,75,11.5
14,Mataura,NZ,2022-05-20 22:47:48,-46.1927,168.8643,48.47,90,99,13.87
15,Zaysan,KZ,2022-05-20 22:47:48,47.4667,84.8667,61.41,48,1,5.03
16,Necochea,AR,2022-05-20 22:47:49,-38.5473,-58.7368,51.46,59,100,9.13
17,Ushuaia,AR,2022-05-20 22:46:32,-54.8,-68.3,44.26,70,20,5.75
18,Ahipara,NZ,2022-05-20 22:47:49,-35.1667,173.1667,59.65,63,99,14.07
19,Avarua,CK,2022-05-20 22:47:49,-21.2078,-159.775,82.45,65,40,8.05
20,Barzas,RU,2022-05-20 22:47:49,55.7167,86.3167,55.06,68,90,10.94
21,Palmer,US,2022-05-20 22:47:50,42.1584,-72.3287,73.81,69,75,14.97
22,Bluff,NZ,2022-05-20 22:47:50,-46.6,168.3333,48.79,77,97,34.0
23,Powell,US,2022-05-20 22:47:50,40.1578,-83.0752,87.8,54,0,23.02
24,Arraial Do Cabo,BR,2022-05-20 22:47:51,-22.9661,-42.0278,66.06,82,20,16.11
25,Poya,NC,2022-05-20 22:47:51,-21.35,165.15,80.71,75,57,11.14
26,Hilo,US,2022-05-20 22:47:02,19.7297,-155.09,90.28,69,40,12.66
27,Albany,US,2022-05-20 22:47:51,42.6001,-73.9662,74.88,67,99,4.0
28,Hirara,JP,2022-05-20 22:47:51,24.8,125.2833,75.06,83,75,17.27
29,Ust-Tsilma,RU,2022-05-20 22:47:52,65.441,52.1498,29.3,84,100,8.57
30,Opuwo,NA,2022-05-20 22:47:52,-18.0607,13.84,52.29,32,0,3.04
31,Port Moresby,PG,2022-05-20 22:42:48,-9.4431,147.1797,81.82,74,20,3.44
32,Rikitea,PF,2022-05-20 22:47:52,-23.1203,-134.9692,73.56,78,87,5.28
33,Jamestown,US,2022-05-20 22:38:05,42.097,-79.2353,78.39,81,75,12.66
34,Sao Joao Da Barra,BR,2022-05-20 22:41:36,-21.6403,-41.0511,69.89,76,22,11.52
35,Huarmey,PE,2022-05-20 22:47:53,-10.0681,-78.1522,67.26,84,17,9.22
36,Tuktoyaktuk,CA,2022-05-20 22:41:38,69.4541,-133.0374,39.2,70,75,9.22
37,Beringovskiy,RU,2022-05-20 22:45:22,63.05,179.3167,34.65,87,82,6.46
38,Hermanus,ZA,2022-05-20 22:47:53,-34.4187,19.2345,58.23,67,67,1.61
39,Great Bend,US,2022-05-20 22:47:29,38.3645,-98.7648,73.04,29,0,14.97
40,Amapa,BR,2022-05-20 22:47:53,1.0,-52.0,70.65,100,100,2.15
41,Mirabad,AF,2022-05-20 22:47:54,30.4362,61.8383,80.69,16,0,8.43
42,Ukiah,US,2022-05-20 22:47:54,39.1502,-123.2078,81.37,16,0,8.05
43,Thompson,CA,2022-05-20 22:47:54,55.7435,-97.8558,37.56,65,100,14.97
44,Port Alfred,ZA,2022-05-20 22:47:55,-33.5906,26.891,61.74,70,100,4.23
45,Santa Fe,AR,2022-05-20 22:43:26,-31.6333,-60.7,61.02,76,0,3.0
46,Qaanaaq,GL,2022-05-20 22:47:55,77.484,-69.3632,15.04,83,35,1.61
47,Aberdeen,GB,2022-05-20 22:48:24,57.1437,-2.0981,52.29,92,100,8.05
48,High Level,CA,2022-05-20 22:45:01,58.5169,-117.136,57.31,26,75,10.36
49,Namatanai,PG,2022-05-20 22:48:55,-3.6667,152.4333,82.96,73,36,6.31
50,Alatri,IT,2022-05-20 22:48:56,41.7306,13.3402,63.66,80,10,4.34
51,Hithadhoo,MV,2022-05-20 22:40:20,-0.6,73.0833,82.67,73,68,8.9
52,Dong Hoi,VN,2022-05-20 22:48:56,17.4833,106.6,76.64,92,100,5.01
53,Talnakh,RU,2022-05-20 22:40:27,69.4865,88.3972,40.21,80,82,9.13
54,Busselton,AU,2022-05-20 22:48:56,-33.65,115.3333,55.6,80,4,9.04
55,Santa Cruz,BO,2022-05-20 22:45:03,-17.8,-63.1667,71.65,43,7,10.36
56,Longyearbyen,SJ,2022-05-20 22:48:57,78.2186,15.6401,33.64,69,75,12.66
57,Moree,AU,2022-05-20 22:48:57,-29.4667,149.85,58.17,76,100,5.55
58,Deputatskiy,RU,2022-05-20 22:48:57,69.3,139.9,30.7,100,100,0.4
59,Butaritari,KI,2022-05-20 22:48:57,3.0707,172.7902,81.18,72,19,16.37
60,Upernavik,GL,2022-05-20 22:48:58,72.7868,-56.1549,26.04,89,60,10.18
61,Ostrovnoy,RU,2022-05-20 22:48:58,68.0531,39.5131,30.88,68,89,5.88
62,Lompoc,US,2022-05-20 22:37:03,34.6391,-120.4579,75.69,59,0,17.27
63,Shcherbinka,RU,2022-05-20 22:48:58,55.4997,37.5597,44.89,65,0,4.47
64,Kiama,AU,2022-05-20 22:46:24,-34.6833,150.8667,63.0,90,97,3.0
65,Victoria,HK,2022-05-20 22:48:52,22.2855,114.1577,79.32,82,17,4.0
66,Karratha,AU,2022-05-20 22:39:06,-20.7377,116.8463,74.82,71,33,4.88
67,Krasnokamensk,RU,2022-05-20 22:48:59,50.0979,118.0369,58.55,32,13,12.03
68,Nizhnyaya Poyma,RU,2022-05-20 22:48:59,56.1622,97.1933,55.38,70,72,4.03
69,Vao,NC,2022-05-20 22:45:11,-22.6667,167.4833,74.21,87,100,29.04
70,Barrow,US,2022-05-20 22:48:59,71.2906,-156.7887,32.02,93,100,10.36
71,Mglin,RU,2022-05-20 22:49:00,53.0591,32.8475,47.75,96,100,14.94
72,Carnarvon,AU,2022-05-20 22:49:00,-24.8667,113.6333,67.78,62,0,10.45
73,Kapaa,US,2022-05-20 22:49:00,22.0752,-159.319,80.58,78,20,9.22
74,Hobart,AU,2022-05-20 22:44:59,-42.8794,147.3294,43.27,92,75,9.22
75,Narsaq,GL,2022-05-20 22:40:19,60.9167,-46.05,52.02,75,17,4.72
76,Esperance,AU,2022-05-20 22:41:41,-33.8667,121.9,60.6,72,53,6.46
77,Terralba,IT,2022-05-20 22:49:01,39.7192,8.6392,64.58,75,1,7.49
78,Ankpa,NG,2022-05-20 22:49:01,7.3706,7.6253,75.54,74,100,4.56
79,Najran,SA,2022-05-20 22:49:01,17.4924,44.1277,77.65,14,3,1.3
80,Vihti,FI,2022-05-20 22:49:01,60.417,24.3197,46.51,71,17,5.99
81,Sitka,US,2022-05-20 22:49:02,57.0531,-135.33,57.09,62,0,4.61
82,Alofi,NU,2022-05-20 22:49:02,-19.0595,-169.9187,82.29,78,25,5.75
83,Port Elizabeth,ZA,2022-05-20 22:49:02,-33.918,25.5701,56.32,96,100,6.91
84,Hofn,IS,2022-05-20 22:49:03,64.2539,-15.2082,47.43,95,100,10.71
85,Fortuna,US,2022-05-20 22:41:48,40.5982,-124.1573,63.09,66,0,14.97
86,Key West,US,2022-05-20 22:45:49,24.5557,-81.7826,89.6,76,75,8.05
87,Georgetown,MY,2022-05-20 22:44:06,5.4112,100.3354,80.53,89,20,3.44
88,Macia,MZ,2022-05-20 22:49:03,-25.0269,33.0989,68.27,74,20,6.6
89,Mar Del Plata,AR,2022-05-20 22:49:03,-38.0023,-57.5575,56.95,71,0,11.5
90,Xiaoweizhai,CN,2022-05-20 22:49:04,26.1903,107.5125,59.79,94,80,2.57
91,Saint-Leu,RE,2022-05-20 22:49:04,-21.15,55.2833,72.43,73,13,3.87
92,Auki,SB,2022-05-20 22:49:04,-8.7676,160.7034,83.53,70,60,1.68
93,Dhidhdhoo,MV,2022-05-20 22:49:05,6.8833,73.1,83.43,76,55,15.95
94,Lahore,PK,2022-05-20 22:49:05,31.5497,74.3436,87.78,29,20,9.22
95,Villanueva De La Serena,ES,2022-05-20 22:49:05,38.9766,-5.7974,79.75,26,100,8.88
96,Las Rosas,AR,2022-05-20 22:50:05,-32.4766,-61.5804,55.78,51,0,6.06
97,Komsomolskiy,UZ,2022-05-20 22:50:06,40.4272,71.7189,66.92,55,73,3.53
98,Alta Floresta,BR,2022-05-20 22:50:06,-9.8756,-56.0861,66.43,66,75,1.88
99,Severo-Kurilsk,RU,2022-05-20 22:45:13,50.6789,156.125,44.87,81,100,12.12
100,Aklavik,CA,2022-05-20 22:50:06,68.2191,-135.0107,50.0,50,100,3.44
101,Olafsvik,IS,2022-05-20 22:46:24,64.8945,-23.7142,47.01,84,85,10.98
102,Dalby,AU,2022-05-20 22:50:07,-27.1833,151.2667,57.97,97,100,15.21
103,Lasa,IT,2022-05-20 22:50:07,46.6166,10.7002,63.36,86,100,2.57
104,Narnaund,IN,2022-05-20 22:50:07,29.2167,76.15,94.08,16,80,5.12
105,San Patricio,US,2022-05-20 22:50:07,28.017,-97.5169,84.29,62,58,25.34
106,Villa Bruzual,VE,2022-05-20 22:50:08,9.3328,-69.1208,82.08,57,99,4.36
107,Pueblo,US,2022-05-20 22:45:54,38.2545,-104.6091,48.15,61,100,17.27
108,Saint-Philippe,RE,2022-05-20 22:41:33,-21.3585,55.7679,71.19,83,39,11.5
109,Beyla,GN,2022-05-20 22:50:08,8.6833,-8.6333,70.36,95,98,4.14
110,Acapulco,MX,2022-05-20 22:45:53,16.8634,-99.8901,84.09,56,90,12.97
111,Santa Luzia,BR,2022-05-20 22:50:09,-19.7697,-43.8514,63.68,48,0,6.91
112,Biu,NG,2022-05-20 22:50:09,10.6129,12.1946,82.53,41,68,4.88
113,Bereda,ES,2022-05-20 22:50:09,43.2686,-7.5406,58.57,99,89,4.94
114,Avera,US,2022-05-20 22:50:09,33.194,-82.5271,91.54,36,97,7.23
115,Ginda,IN,2022-05-20 22:50:10,30.6945,78.4932,63.09,28,38,6.26
116,Pevek,RU,2022-05-20 22:50:10,69.7008,170.3133,33.48,96,79,4.79
117,Dikson,RU,2022-05-20 22:50:10,73.5069,80.5464,26.98,89,100,6.33
118,Norman Wells,CA,2022-05-20 22:40:28,65.282,-126.8329,60.84,31,75,5.75
119,Nikolskoye,RU,2022-05-20 22:50:11,59.7035,30.7861,42.69,72,98,6.44
120,Punta Arenas,CL,2022-05-20 22:50:02,-53.15,-70.9167,42.91,87,100,8.05
121,Vardo,NO,2022-05-20 22:50:11,70.3705,31.1107,37.38,75,100,24.16
122,Lakatoro,VU,2022-05-20 22:50:11,-16.0999,167.4164,82.78,76,8,7.27
123,Biloela,AU,2022-05-20 22:50:12,-24.4167,150.5,61.29,92,100,13.18
124,Selma,US,2022-05-20 22:50:12,36.5708,-119.6121,83.08,8,7,10.33
125,Los Llanos De Aridane,ES,2022-05-20 22:41:34,28.6585,-17.9182,65.95,93,20,13.8
126,Ola,RU,2022-05-20 22:50:12,59.5833,151.2833,39.15,97,100,18.9
127,Kazachinskoye,RU,2022-05-20 22:42:49,57.6953,93.2761,54.77,62,50,6.58
128,La Ronge,CA,2022-05-20 22:50:13,55.1001,-105.2842,50.25,23,75,17.27
129,Kruisfontein,ZA,2022-05-20 22:40:21,-34.0033,24.7314,53.89,86,99,4.56
130,Wanning,CN,2022-05-20 22:50:13,18.8003,110.3967,76.77,90,100,2.17
131,Atuona,PF,2022-05-20 22:50:13,-9.8,-139.0333,77.72,67,0,10.18
132,Tessalit,ML,2022-05-20 22:50:13,20.1986,1.0114,90.07,17,81,4.83
133,Townsville,AU,2022-05-20 22:50:14,-19.25,146.8,74.28,64,28,11.5
134,Camacha,PT,2022-05-20 22:50:14,33.0833,-16.3333,62.02,77,20,13.8
135,Yellowknife,CA,2022-05-20 22:40:26,62.456,-114.3525,61.32,18,75,12.66
136,Broken Hill,AU,2022-05-20 22:50:14,-31.95,141.4333,53.26,77,100,10.49
137,Springbok,ZA,2022-05-20 22:50:15,-29.6643,17.8865,44.6,80,64,11.41
138,Pisco,PE,2022-05-20 22:50:15,-13.7,-76.2167,68.05,73,0,13.8
139,Bengkulu,ID,2022-05-20 22:50:15,-3.8004,102.2655,75.54,86,79,4.23
140,Whitehorse,CA,2022-05-20 22:50:16,60.7161,-135.0538,58.1,32,75,4.61
141,Saint Anthony,US,2022-05-20 22:50:16,45.0205,-93.218,64.65,50,40,17.27
142,Mount Gambier,AU,2022-05-20 22:50:16,-37.8333,140.7667,40.91,100,12,0.0
143,Gamboma,CG,2022-05-20 22:51:16,-1.8764,15.8644,72.54,96,100,2.13
144,Castro,BR,2022-05-20 22:51:17,-24.7911,-50.0119,45.54,82,0,3.06
145,Puerto Ayora,EC,2022-05-20 22:51:17,-0.7393,-90.3518,76.96,96,52,3.0
146,Otane,NZ,2022-05-20 22:51:17,-39.8833,176.6333,58.01,60,2,21.85
147,Tiksi,RU,2022-05-20 22:50:39,71.6872,128.8694,31.96,85,100,7.02
148,Port Blair,IN,2022-05-20 22:51:18,11.6667,92.75,82.44,83,100,9.22
149,Garissa,KE,2022-05-20 22:51:18,-0.4536,39.6401,75.85,84,97,16.82
150,Savannah Bight,HN,2022-05-20 22:51:18,16.45,-85.85,81.72,85,100,35.81
151,Pacific Grove,US,2022-05-20 22:48:26,36.6177,-121.9166,74.55,61,0,7.0
152,Bardiyah,LY,2022-05-20 22:51:19,31.7561,25.0865,62.53,64,1,6.76
153,Aykhal,RU,2022-05-20 22:51:19,66.0,111.5,36.48,89,99,2.75
154,Sao Filipe,CV,2022-05-20 22:44:08,14.8961,-24.4956,73.74,74,81,9.26
155,Yulara,AU,2022-05-20 22:51:19,-25.2406,130.9889,55.58,60,52,10.02
156,Braunau,CZ,2022-05-20 22:51:19,50.5857,16.3318,64.42,98,79,6.51
157,Saint George,US,2022-05-20 22:51:01,37.1041,-113.5841,74.25,12,0,16.11
158,Carauari,BR,2022-05-20 22:51:20,-4.8828,-66.8958,73.04,86,76,1.68
159,Tucupita,VE,2022-05-20 22:51:20,9.0622,-62.051,79.84,69,3,8.23
160,Coihaique,CL,2022-05-20 22:51:21,-45.5752,-72.0662,49.95,57,100,9.22
161,Maracaju,BR,2022-05-20 22:51:21,-21.6144,-55.1683,55.45,52,0,5.21
162,Shagonar,RU,2022-05-20 22:51:21,51.5333,92.8,51.24,79,25,1.9
163,Grindavik,IS,2022-05-20 22:51:21,63.8424,-22.4338,51.75,87,75,9.22
164,Saldanha,ZA,2022-05-20 22:51:22,-33.0117,17.9442,51.85,72,1,14.63
165,Richards Bay,ZA,2022-05-20 22:41:31,-28.783,32.0377,67.78,88,76,12.15
166,Constitucion,CL,2022-05-20 22:41:30,-35.3333,-72.4167,52.75,85,1,6.91
167,Ribeira Grande,PT,2022-05-20 22:51:22,38.5167,-28.7,63.5,97,100,8.57
168,Krasnozerskoye,RU,2022-05-20 22:51:22,53.9828,79.2374,54.1,73,84,4.38
169,Raudeberg,NO,2022-05-20 22:51:23,61.9875,5.1352,48.87,95,100,2.48
170,Evensk,RU,2022-05-20 22:44:04,61.95,159.2333,43.16,72,73,16.31
171,Jiwani,PK,2022-05-20 22:51:23,25.05,61.7417,83.21,86,2,7.7
172,Eyl,SO,2022-05-20 22:51:23,7.9803,49.8164,81.12,75,44,15.48
173,Chuy,UY,2022-05-20 22:51:09,-33.6971,-53.4616,51.49,78,33,5.88
174,Ciudad Guayana,VE,2022-05-20 22:51:24,8.3533,-62.6528,86.52,67,18,10.58
175,Hachinohe,JP,2022-05-20 22:51:24,40.5,141.5,68.56,43,83,3.31
176,New Norfolk,AU,2022-05-20 22:51:24,-42.7826,147.0587,43.92,88,11,1.79
177,Bagdarin,RU,2022-05-20 22:51:24,54.4333,113.6,53.13,39,84,1.88
178,Pitimbu,BR,2022-05-20 22:51:25,-7.4706,-34.8086,81.19,83,93,6.96
179,Saskylakh,RU,2022-05-20 22:51:25,71.9167,114.0833,31.91,85,100,4.79
180,Samoded,RU,2022-05-20 22:51:25,63.6083,40.5111,30.92,79,99,5.35
181,Martapura,ID,2022-05-20 22:51:26,-3.4167,114.85,75.29,100,40,0.0
182,Makakilo City,US,2022-05-20 22:42:45,21.3469,-158.0858,82.72,79,75,8.05
183,Cidreira,BR,2022-05-20 22:42:46,-30.1811,-50.2056,56.16,77,0,3.62
184,Katsuura,JP,2022-05-20 22:51:26,35.1333,140.3,67.28,77,100,11.18
185,Luderitz,NA,2022-05-20 22:45:18,-26.6481,15.1594,51.46,73,1,10.16
186,Hasaki,JP,2022-05-20 22:51:26,35.7333,140.8333,70.29,72,100,9.57
187,Nanortalik,GL,2022-05-20 22:51:26,60.1432,-45.2371,37.69,84,35,4.74
188,Bathsheba,BB,2022-05-20 22:51:27,13.2167,-59.5167,83.01,74,20,19.57
189,Hazaribag,IN,2022-05-20 22:52:27,23.9833,85.35,82.6,41,45,10.42
190,Kungurtug,RU,2022-05-20 22:52:27,50.5994,97.5228,52.18,87,100,3.62
191,Kodiak,US,2022-05-20 22:52:28,57.79,-152.4072,47.71,76,100,17.27
192,Cabedelo,BR,2022-05-20 22:52:28,-6.9811,-34.8339,81.27,82,79,8.19
193,Stephenville Crossing,CA,2022-05-20 22:52:28,48.5,-58.4318,57.33,28,20,9.22
194,Tocopilla,CL,2022-05-20 22:52:29,-22.092,-70.1979,65.73,69,48,7.27
195,Tasiilaq,GL,2022-05-20 22:52:29,65.6145,-37.6368,33.6,71,14,4.07
196,Kortkeros,RU,2022-05-20 22:52:29,61.8106,51.5806,39.2,70,100,7.49
197,Grants,US,2022-05-20 22:52:29,35.1473,-107.8514,79.03,11,0,24.16
198,Kathmandu,NP,2022-05-20 22:49:38,27.7167,85.3167,62.82,94,20,3.44
199,Lebu,CL,2022-05-20 22:48:10,-37.6167,-73.65,51.75,90,30,6.49
200,Khash,IR,2022-05-20 22:52:30,28.2211,61.2158,73.56,19,0,5.26
201,Hamilton,US,2022-05-20 22:52:30,39.1834,-84.5333,87.01,56,0,18.41
202,Chakrata,IN,2022-05-20 22:52:30,30.7,77.85,62.74,26,74,5.97
203,Tubalan,PH,2022-05-20 22:52:31,6.495,125.5661,81.45,79,100,0.94
204,Hambantota,LK,2022-05-20 22:52:31,6.1241,81.1185,78.78,85,69,15.05
205,Dakar,SN,2022-05-20 22:48:55,14.6937,-17.4441,73.53,88,20,18.41
206,Sassandra,CI,2022-05-20 22:52:31,4.95,-6.0833,77.0,90,100,6.62
207,Labuhan,ID,2022-05-20 22:52:32,-6.8844,112.2051,77.13,88,100,7.27
208,Cherskiy,RU,2022-05-20 22:52:32,68.75,161.3,54.07,43,8,15.79
209,San Andres,CO,2022-05-20 22:46:22,12.5847,-81.7006,82.45,73,98,7.0
210,Port Keats,AU,2022-05-20 22:52:32,-14.25,129.55,77.16,53,5,10.36
211,Palana,RU,2022-05-20 22:52:32,59.1167,159.9667,39.51,74,74,7.31
212,Srednekolymsk,RU,2022-05-20 22:52:33,67.45,153.6833,56.01,42,67,9.73
213,Clyde River,CA,2022-05-20 22:52:33,70.4692,-68.5914,25.03,80,100,8.05
214,Provideniya,RU,2022-05-20 22:52:33,64.3833,-173.3,48.18,56,33,10.51
215,Meulaboh,ID,2022-05-20 22:46:24,4.1363,96.1285,76.6,90,95,4.7
216,Hibbing,US,2022-05-20 22:52:34,47.4272,-92.9377,53.56,58,100,16.11
217,Boende,CD,2022-05-20 22:52:34,-0.2167,20.8667,70.75,99,100,1.25
218,Lanzhou,CN,2022-05-20 22:52:34,36.0564,103.7922,62.85,59,100,2.08
219,Raton,US,2022-05-20 22:52:34,36.9034,-104.4391,72.05,25,0,11.5
220,Paita,PE,2022-05-20 22:52:35,-5.0892,-81.1144,68.11,78,34,15.82
221,Solnechnyy,RU,2022-05-20 22:52:35,50.7214,136.6319,44.58,98,100,2.8
222,Guerrero Negro,MX,2022-05-20 22:52:35,27.9769,-114.0611,70.16,57,0,17.02
223,Khatanga,RU,2022-05-20 22:52:35,71.9667,102.5,34.99,80,100,10.49
224,Purranque,CL,2022-05-20 22:52:36,-40.9167,-73.1667,52.93,92,100,5.53
225,Brzeg Dolny,PL,2022-05-20 22:52:36,51.273,16.7082,67.01,89,83,7.14
226,Touros,BR,2022-05-20 22:42:45,-5.1989,-35.4608,78.84,83,64,7.11
227,Lorengau,PG,2022-05-20 22:52:36,-2.0226,147.2712,82.89,78,94,9.98
228,Mantua,IT,2022-05-20 22:52:37,45.1667,10.7833,76.15,78,49,2.59
229,Nyurba,RU,2022-05-20 22:52:37,63.2842,118.3319,51.75,70,79,3.62
230,Wallaceburg,CA,2022-05-20 22:52:37,42.593,-82.3885,84.06,73,100,21.18
231,Oktyabrskoye,RU,2022-05-20 22:44:05,43.0645,44.7417,39.34,100,76,4.47
232,Quatre Cocos,MU,2022-05-20 22:52:38,-20.2078,57.7625,75.09,68,74,15.21
233,Termiz,UZ,2022-05-20 22:52:38,37.2242,67.2783,68.09,52,20,4.61
234,Dunedin,NZ,2022-05-20 22:43:57,-45.8742,170.5036,50.81,61,74,18.99
235,Faanui,PF,2022-05-20 22:53:38,-16.4833,-151.75,80.37,71,19,7.92
236,Kahului,US,2022-05-20 22:53:39,20.8947,-156.47,87.82,51,20,13.8
237,Tura,IN,2022-05-20 22:53:39,25.5198,90.2201,70.7,97,85,3.36
238,Bac Lieu,VN,2022-05-20 22:53:39,9.285,105.7244,80.37,85,95,5.68
239,Brae,GB,2022-05-20 22:53:39,60.3964,-1.353,48.88,93,98,6.17
240,Gazimurskiy Zavod,RU,2022-05-20 22:53:40,51.5461,118.3266,55.65,38,32,5.48
241,Kipushi,CD,2022-05-20 22:53:40,-11.7667,27.2333,60.08,75,41,1.41
242,Farafangana,MG,2022-05-20 22:53:40,-22.8167,47.8333,68.92,78,48,4.0
243,Morros,BR,2022-05-20 22:53:40,-9.4467,-46.3003,72.36,45,20,5.21
244,Mount Isa,AU,2022-05-20 22:53:41,-20.7333,139.5,67.77,64,0,6.91
245,Fort Abbas,PK,2022-05-20 22:53:41,29.1925,72.8536,88.74,29,0,19.06
246,Taga,RO,2022-05-20 22:53:41,46.95,24.05,54.32,81,18,2.1
247,Kuytun,RU,2022-05-20 22:53:42,54.3419,101.5036,55.27,75,100,9.73
248,Yuci,CN,2022-05-20 22:53:42,37.6803,112.7319,55.15,71,0,0.0
249,Iqaluit,CA,2022-05-20 22:43:54,63.7506,-68.5145,29.93,86,75,9.22
250,Kununurra,AU,2022-05-20 22:53:42,-15.7667,128.7333,73.38,56,1,2.3
251,Ahraura,IN,2022-05-20 22:53:43,25.0167,83.0167,83.86,67,2,6.2
252,Bambous Virieux,MU,2022-05-20 22:53:43,-20.3428,57.7575,75.22,83,40,6.91
253,Arilje,RS,2022-05-20 22:53:43,43.7531,20.0956,46.76,45,19,4.74
254,Lima,PE,2022-05-20 22:53:25,-12.0432,-77.0282,62.85,29,40,8.05
255,Vittoria,IT,2022-05-20 22:53:43,36.9537,14.5332,61.74,82,100,3.44
256,Behbahan,IR,2022-05-20 22:53:44,30.5959,50.2417,87.26,14,0,5.95
257,Kerchevskiy,RU,2022-05-20 22:53:44,59.946,56.2884,32.65,97,96,4.65
258,Rio Grande,BR,2022-05-20 22:53:44,-32.035,-52.0986,50.11,69,3,4.68
259,Tamworth,GB,2022-05-20 22:53:45,52.634,-1.6959,54.64,77,2,11.74
260,Koutsouras,GR,2022-05-20 22:53:45,35.0339,25.9469,65.1,63,6,6.53
261,Pochutla,MX,2022-05-20 22:53:45,15.7432,-96.4661,87.82,45,59,11.72
262,Niono,ML,2022-05-20 22:53:45,14.2526,-5.993,93.78,24,30,6.78
263,Sioux Lookout,CA,2022-05-20 22:53:46,50.1001,-91.917,35.67,93,100,10.36
264,Maceio,BR,2022-05-20 22:41:12,-9.6658,-35.7353,74.64,83,75,6.91
265,Laela,TZ,2022-05-20 22:53:46,-8.5667,32.05,58.32,72,45,2.57
266,Nago,JP,2022-05-20 22:53:46,26.5881,127.9761,75.45,89,100,14.56
267,Araouane,ML,2022-05-20 22:53:47,18.9048,-3.5265,89.83,11,37,7.45
268,Tonantins,BR,2022-05-20 22:53:47,-2.8731,-67.8022,71.92,88,62,1.88
269,Emerald,AU,2022-05-20 22:51:54,-23.5333,148.1667,61.34,92,98,13.69
270,Ambilobe,MG,2022-05-20 22:53:47,-13.2,49.05,68.99,82,18,3.96
271,Pangkalanbuun,ID,2022-05-20 22:50:12,-2.6833,111.6167,73.83,98,99,0.6
272,Sakakah,SA,2022-05-20 22:53:47,29.9697,40.2064,83.77,19,19,10.85
273,Kurilsk,RU,2022-05-20 22:53:48,45.2333,147.8833,49.15,82,59,2.37
274,Whitianga,NZ,2022-05-20 22:53:48,-36.8333,175.7,59.86,63,27,15.82
275,Bahia Honda,CU,2022-05-20 22:53:48,22.9036,-83.1592,84.13,68,65,12.91
276,Jhawarian,PK,2022-05-20 22:53:49,32.3614,72.6228,83.84,29,10,8.12
277,Zyryanka,RU,2022-05-20 22:53:49,65.75,150.85,52.99,45,74,16.78
278,Atherton,GB,2022-05-20 22:44:00,53.5237,-2.4935,55.22,87,6,1.99
279,Nouna,BF,2022-05-20 22:53:49,12.7333,-3.8667,94.59,27,72,3.76
280,Minsk,BY,2022-05-20 22:53:50,53.9,27.5667,58.75,95,100,11.61
281,Qaqortoq,GL,2022-05-20 22:54:50,60.7167,-46.0333,38.68,80,23,3.58
282,Aginskoye,RU,2022-05-20 22:54:50,51.1,114.53,57.29,32,48,1.79
283,Itarema,BR,2022-05-20 22:54:50,-2.9248,-39.9167,77.67,85,90,5.39
284,Guadalupe Y Calvo,MX,2022-05-20 22:54:51,26.1,-106.9667,66.24,18,0,15.03
285,Mandalgovi,MN,2022-05-20 22:54:51,45.7625,106.2708,64.31,28,16,4.5
286,Svobodnyy,RU,2022-05-20 22:51:54,51.4,128.1333,54.66,67,100,8.08
287,Arlit,NE,2022-05-20 22:54:51,18.7369,7.3853,86.2,26,36,6.76
288,Shiyan,CN,2022-05-20 22:54:52,32.6475,110.7781,65.05,72,100,1.59
289,San Cristobal,VE,2022-05-20 22:54:52,7.7669,-72.225,80.78,73,23,4.05
290,Bubaque,GW,2022-05-20 22:54:52,11.2833,-15.8333,79.14,80,16,16.96
291,Klaksvik,FO,2022-05-20 22:54:52,62.2266,-6.589,49.12,96,100,15.48
292,Mareeba,AU,2022-05-20 22:54:53,-17.0,145.4333,73.44,81,25,3.91
293,Ancud,CL,2022-05-20 22:54:53,-41.8697,-73.8203,52.03,92,98,17.31
294,Lira,UG,2022-05-20 22:54:53,2.235,32.9097,65.25,97,95,3.6
295,Pasighat,IN,2022-05-20 22:54:53,28.0667,95.3333,68.88,95,87,3.53
296,Cayenne,GF,2022-05-20 22:51:14,4.9333,-52.3333,75.09,1,0,0.0
297,Yar-Sale,RU,2022-05-20 22:54:54,66.8333,70.8333,32.92,89,100,19.51
298,Mo I Rana,NO,2022-05-20 22:54:54,66.3128,14.1428,44.33,87,100,5.01
299,Tomatlan,MX,2022-05-20 22:54:54,19.9333,-105.25,86.94,40,0,12.28
300,Barras,BR,2022-05-20 22:54:55,-4.2444,-42.2944,73.26,97,99,3.6
301,Zdvinsk,RU,2022-05-20 22:54:55,54.7021,78.661,51.01,84,91,4.54
302,Ketchikan,US,2022-05-20 22:54:55,55.3422,-131.6461,62.58,46,2,4.54
303,Tromso,NO,2022-05-20 22:54:55,69.6496,18.957,44.62,61,100,4.61
304,Uruguaiana,BR,2022-05-20 22:54:56,-29.7547,-57.0883,55.33,76,0,2.3
305,Havoysund,NO,2022-05-20 22:54:56,70.9963,24.6622,39.43,93,100,9.64
306,Vila Velha,BR,2022-05-20 22:54:56,-20.3297,-40.2925,71.55,64,0,6.91
307,Ovsyanka,RU,2022-05-20 22:54:57,55.9575,92.5519,60.22,68,64,5.64
308,Sorong,ID,2022-05-20 22:54:57,-0.8833,131.25,79.41,82,78,6.91
309,Plaster Rock,CA,2022-05-20 22:54:57,46.9065,-67.39,60.6,68,79,8.1
310,Lagoa,PT,2022-05-20 22:46:31,39.05,-27.9833,61.77,94,100,13.04
311,Cabo San Lucas,MX,2022-05-20 22:53:15,22.8909,-109.9124,83.61,58,1,15.55
312,Diego De Almagro,CL,2022-05-20 22:54:58,-26.3667,-70.05,61.16,39,14,2.44
313,Roald,NO,2022-05-20 22:54:58,62.5833,6.1333,53.91,93,100,9.22
314,Lufilufi,WS,2022-05-20 22:54:58,-13.8745,-171.5986,87.58,77,42,12.55
315,Debre Sina,ET,2022-05-20 22:54:58,9.85,39.7667,56.34,33,92,3.09
316,Chokurdakh,RU,2022-05-20 22:54:59,70.6333,147.9167,34.11,100,100,5.84
317,Limenaria,GR,2022-05-20 22:54:59,40.6261,24.5786,65.95,66,9,3.33
318,Moerai,PF,2022-05-20 22:54:59,-22.4333,-151.3333,76.8,69,4,4.16
319,Ixtapa,MX,2022-05-20 22:54:59,20.7,-105.2,81.23,67,1,5.01
320,Kizilskoye,RU,2022-05-20 22:55:00,52.7255,58.8937,38.53,95,100,17.4
321,Buriti Bravo,BR,2022-05-20 22:51:45,-5.8372,-43.8336,70.0,90,96,2.28
322,Bhatkal,IN,2022-05-20 22:55:00,13.9667,74.5667,76.03,81,77,3.22
323,Bethel,US,2022-05-20 22:55:00,41.3712,-73.414,66.43,88,77,1.99
324,Ambulu,ID,2022-05-20 22:55:01,-8.345,113.6058,75.65,89,99,2.44
325,Leh,IN,2022-05-20 22:55:01,34.1667,77.5833,43.41,57,28,4.36
326,Praia Da Vitoria,PT,2022-05-20 22:55:01,38.7333,-27.0667,64.65,88,20,6.62
327,Sola,VU,2022-05-20 22:51:52,-13.8833,167.55,82.11,76,21,11.77
328,Nishihara,JP,2022-05-20 22:55:02,26.1842,127.7558,74.86,94,75,12.66
329,Latung,PH,2022-05-20 22:55:02,5.5,120.8833,83.64,70,100,4.72
330,Rocha,UY,2022-05-20 22:56:02,-34.4833,-54.3333,49.03,83,25,5.66
331,Matara,LK,2022-05-20 22:56:02,5.9485,80.5353,76.86,92,55,8.79
332,Zhigansk,RU,2022-05-20 22:56:03,66.7697,123.3711,34.48,89,59,6.02
333,Jardim,BR,2022-05-20 22:56:03,-21.4803,-56.1381,56.34,55,0,2.84
334,Boyabat,TR,2022-05-20 22:56:04,41.4689,34.7667,47.75,76,0,1.19
335,Innisfail,AU,2022-05-20 22:56:04,-17.5333,146.0333,74.08,89,93,8.5
336,Chapais,CA,2022-05-20 22:53:01,49.7834,-74.8492,56.98,62,100,18.68
337,Husavik,IS,2022-05-20 22:56:04,66.0449,-17.3389,48.15,77,84,4.47
338,Sovetskiy,RU,2022-05-20 22:56:05,61.3614,63.5842,34.68,95,100,8.39
339,Mankera,PK,2022-05-20 22:56:05,31.3866,71.4407,83.57,28,3,10.87
340,Kawalu,ID,2022-05-20 22:56:05,-7.3817,108.2082,71.11,96,100,0.51
341,Port Lincoln,AU,2022-05-20 22:56:06,-34.7333,135.8667,58.03,64,0,14.65
342,Nayoro,JP,2022-05-20 22:56:06,44.3506,142.4578,63.64,57,14,5.28
343,Nome,US,2022-05-20 22:56:06,64.5011,-165.4064,65.1,45,74,15.19
344,Aketi,CD,2022-05-20 22:56:06,2.7388,23.7833,70.93,99,100,0.76
345,Egvekinot,RU,2022-05-20 22:56:07,66.3167,-179.1667,42.06,63,74,2.55
346,Merritt Island,US,2022-05-20 22:56:07,28.5392,-80.672,78.8,83,0,9.22
347,Kavieng,PG,2022-05-20 22:53:00,-2.5744,150.7967,82.99,77,95,11.1
348,Bayir,TR,2022-05-20 22:56:07,37.2687,28.2167,52.32,62,2,2.28
349,Quartucciu,IT,2022-05-20 22:56:08,39.2519,9.1794,67.01,80,20,5.75
350,Asau,RO,2022-05-20 22:56:08,46.4333,26.4,58.28,74,48,7.16
351,Pontianak,ID,2022-05-20 22:56:08,-0.0333,109.3333,75.18,94,20,3.44
352,Saint-Andre-Avellin,CA,2022-05-20 22:56:09,45.7168,-75.066,79.29,79,81,11.03
353,Iquitos,PE,2022-05-20 22:51:12,-3.7481,-73.2472,77.04,78,75,3.44
354,Trinidad,BO,2022-05-20 22:56:09,-14.8333,-64.9,75.18,50,75,0.0
355,Jhargram,IN,2022-05-20 22:56:09,22.45,86.9833,84.33,72,40,11.07
356,Newport,GB,2022-05-20 22:56:09,51.5877,-2.9984,56.25,82,29,16.15
357,Miramar,US,2022-05-20 22:56:10,25.9873,-80.2323,79.02,90,100,9.22
358,Santa Maria,BR,2022-05-20 22:56:10,-29.6842,-53.8069,51.1,93,0,3.44
359,Ponta Do Sol,PT,2022-05-20 22:56:10,32.6667,-17.1,66.83,82,41,0.81
360,De-Kastri,RU,2022-05-20 22:56:11,51.4667,140.7833,38.41,99,100,5.55
361,Bonfim,BR,2022-05-20 22:56:11,3.0833,-59.95,78.82,77,40,4.61
362,Sao Felix Do Xingu,BR,2022-05-20 22:56:11,-6.6447,-51.995,72.19,75,32,1.12
363,Ilulissat,GL,2022-05-20 22:56:12,69.2167,-51.1,35.83,77,100,2.44
364,Arauca,CO,2022-05-20 22:55:17,7.0847,-70.7591,89.6,62,20,4.61
365,Norden,DE,2022-05-20 22:56:12,53.6,7.2,51.96,89,82,18.57
366,Tanout,NE,2022-05-20 22:56:12,14.9709,8.8879,87.12,18,91,10.89
367,Mizdah,LY,2022-05-20 22:56:13,31.4451,12.9801,61.79,56,0,14.38
368,Cananeia,BR,2022-05-20 22:56:13,-25.0147,-47.9267,60.82,82,0,3.67
369,Mehamn,NO,2022-05-20 22:55:34,71.0357,27.8492,37.31,79,100,15.55
370,Namibe,AO,2022-05-20 22:54:18,-15.1961,12.1522,66.06,71,27,9.86
371,Kharp,RU,2022-05-20 22:56:14,66.8014,65.8081,35.35,69,100,11.3
372,Leningradskiy,RU,2022-05-20 22:56:14,69.3833,178.4167,33.73,98,33,7.52
373,Thongwa,MM,2022-05-20 22:56:14,16.7619,96.5278,77.16,88,100,14.34
374,Moranbah,AU,2022-05-20 22:57:14,-22.0016,148.0466,62.22,91,100,21.36
375,Langres,FR,2022-05-20 22:57:15,47.8333,5.3333,48.96,97,69,0.43
376,Yeniseysk,RU,2022-05-20 22:57:15,58.4497,92.1703,54.75,63,49,8.16
377,Doka,SD,2022-05-20 22:57:15,13.5167,35.7667,87.17,41,53,14.38
378,Yanam,IN,2022-05-20 22:57:15,16.7333,82.2167,80.58,77,100,4.79
379,Tabou,CI,2022-05-20 22:57:16,4.423,-7.3528,77.97,86,100,9.42
380,Delanggu,ID,2022-05-20 22:57:16,-7.6167,110.6833,75.2,92,97,1.28
381,Chandbali,IN,2022-05-20 22:57:16,20.7833,86.7667,82.74,82,40,11.97
382,Dingle,PH,2022-05-20 22:57:17,10.9995,122.6711,77.92,89,100,3.04
383,Olinda,BR,2022-05-20 22:53:44,-8.0089,-34.8553,78.53,94,75,6.91
384,Gescher,DE,2022-05-20 22:57:17,51.954,7.0048,56.82,83,87,13.69
385,Chara,RU,2022-05-20 22:57:17,56.9064,118.2631,43.14,85,86,3.74
386,Copiapo,CL,2022-05-20 22:57:17,-27.3667,-70.3333,56.89,46,5,2.73
387,Benicarlo,ES,2022-05-20 22:57:18,40.4165,0.4271,74.89,60,83,7.47
388,Rancho Cordova,US,2022-05-20 22:54:30,38.5891,-121.3027,85.23,16,0,21.85
389,Biak,ID,2022-05-20 22:57:18,-0.9131,122.8766,77.76,84,82,7.61
390,Gat,IL,2022-05-20 22:57:18,31.61,34.7642,78.4,27,99,7.34
391,Sebinkarahisar,TR,2022-05-20 22:57:19,40.2883,38.4236,35.89,74,3,1.83
392,Charters Towers,AU,2022-05-20 22:57:19,-20.1,146.2667,65.64,82,78,14.47
393,Nong Bua,TH,2022-05-20 22:57:19,15.8646,100.5858,77.49,85,100,9.08
394,Lahij,YE,2022-05-20 22:57:20,13.1667,44.5833,85.03,33,2,5.7
395,Terney,RU,2022-05-20 22:57:20,45.0503,136.6092,53.04,79,47,3.87
396,Kavaratti,IN,2022-05-20 22:53:08,10.5669,72.642,82.44,79,99,13.09
397,Kidal,ML,2022-05-20 22:57:20,18.4411,1.4078,89.51,21,84,1.7
398,Abha,SA,2022-05-20 22:56:05,18.2164,42.5053,68.25,11,0,0.0
399,Creel,MX,2022-05-20 22:57:21,27.75,-107.6333,67.77,15,0,18.95
400,Saint-Joseph,RE,2022-05-20 22:57:21,-21.3667,55.6167,70.18,81,19,11.99
401,Hervey Bay,AU,2022-05-20 22:57:21,-25.2986,152.8535,65.01,97,100,11.99
402,Isla Vista,US,2022-05-20 22:57:21,34.4133,-119.861,75.9,71,15,1.01
403,Tuatapere,NZ,2022-05-20 22:57:22,-46.1333,167.6833,46.67,80,93,19.26
404,Comarapa,BO,2022-05-20 22:57:22,-17.9,-64.4833,46.9,90,25,3.69
405,Naze,JP,2022-05-20 22:57:22,28.3667,129.4833,74.32,91,100,12.53
406,North Bend,US,2022-05-20 22:54:38,43.4065,-124.2243,64.24,77,0,27.63
407,Pekalongan,ID,2022-05-20 22:57:22,-6.8886,109.6753,77.85,86,100,4.9
408,Moga,IN,2022-05-20 22:57:23,30.8,75.1667,89.35,14,33,7.34
409,Kalakamati,BW,2022-05-20 22:57:23,-20.5929,27.3121,60.91,64,31,7.45
410,Portmore,JM,2022-05-20 22:53:44,17.9702,-76.8672,87.04,67,20,27.63
411,Sembe,CG,2022-05-20 22:57:23,1.6481,14.5806,68.94,98,100,1.21
412,Vaitape,PF,2022-05-20 22:57:24,-16.5167,-151.75,80.37,71,19,7.99
413,Obo,CF,2022-05-20 22:57:24,5.3998,26.4869,67.73,98,100,1.74
414,Westport,US,2022-05-20 22:57:08,41.1415,-73.3579,66.61,94,83,1.01
415,New Waterford,US,2022-05-20 22:56:49,40.8451,-80.6145,82.65,57,99,7.0
416,Jitra,MY,2022-05-20 22:57:24,6.2681,100.4217,78.69,94,20,0.0
417,Korla,CN,2022-05-20 22:57:25,41.7597,86.1469,71.6,29,40,9.6
418,Dobson,US,2022-05-20 22:57:25,36.3957,-80.7226,89.2,46,0,4.61
419,Mancio Lima,BR,2022-05-20 22:57:25,-7.6142,-72.8958,78.87,73,75,0.0
420,Gimli,CA,2022-05-20 22:57:26,50.6336,-96.9907,39.22,65,100,13.8
421,Beloha,MG,2022-05-20 22:58:26,-25.1667,45.05,68.47,47,77,4.9
422,Cheremshan,RU,2022-05-20 22:58:26,54.6667,51.5,38.3,90,93,7.0
423,Ucluelet,CA,2022-05-20 22:56:11,48.9329,-125.5528,60.1,74,39,1.01
424,Bulungu,CD,2022-05-20 22:58:26,-4.55,18.6,71.04,98,99,2.24
425,Turukhansk,RU,2022-05-20 22:58:27,65.8167,87.9833,46.99,91,96,9.1
426,Lavrentiya,RU,2022-05-20 22:58:27,65.5833,-171.0,35.85,95,34,7.76
427,Puerto Escondido,MX,2022-05-20 22:58:27,15.85,-97.0667,86.52,54,88,12.73
428,Mahibadhoo,MV,2022-05-20 22:58:28,3.7833,72.9667,82.09,79,56,13.18
429,Marawi,PH,2022-05-20 22:58:28,7.9986,124.2928,70.47,93,100,1.88
430,Pemberton,CA,2022-05-20 22:58:28,50.3164,-122.8027,56.98,60,34,4.56
431,Carros,FR,2022-05-20 22:58:28,43.7894,7.184,64.11,86,75,3.44
432,Monte Alegre,BR,2022-05-20 22:58:29,-2.0078,-54.0692,73.78,92,100,0.43
433,Menongue,AO,2022-05-20 22:58:29,-14.6585,17.691,55.74,64,30,1.86
434,Morro Bay,US,2022-05-20 22:58:29,35.3658,-120.8499,80.38,71,26,8.01
435,Trapani,IT,2022-05-20 22:58:30,37.8333,12.6667,60.89,79,9,3.96
436,Jiayuguan,CN,2022-05-20 22:58:30,39.8167,98.3,62.46,26,46,3.53
437,Padang,ID,2022-05-20 22:58:30,-0.9492,100.3543,77.04,86,54,3.83
438,Itatskiy,RU,2022-05-20 22:58:30,56.07,89.0369,57.33,60,90,9.89
439,Kolpashevo,RU,2022-05-20 22:58:31,58.3131,82.9089,46.83,80,29,13.76
440,Cap Malheureux,MU,2022-05-20 22:58:31,-19.9842,57.6142,75.47,71,15,5.99
441,Santa Lucia,ES,2022-05-20 22:53:49,27.9117,-15.5407,61.92,73,20,23.02
442,Roma,US,2022-05-20 22:58:31,43.2128,-75.4557,75.67,83,99,11.59
443,Inta,RU,2022-05-20 22:58:32,66.0317,60.1659,30.88,82,100,12.5
444,Drexel Heights,US,2022-05-20 22:58:32,32.1412,-111.0284,95.02,11,0,23.02
445,Saint-Augustin,CA,2022-05-20 22:58:32,51.226,-58.6502,51.64,61,52,10.4
446,Canby,US,2022-05-20 22:58:32,45.2629,-122.6926,62.1,60,72,6.71
447,Urumqi,CN,2022-05-20 22:58:02,43.801,87.6005,63.55,39,0,4.47
448,Mahebourg,MU,2022-05-20 22:55:07,-20.4081,57.7,75.25,83,40,6.91
449,Lewistown,US,2022-05-20 22:58:33,40.5992,-77.5714,79.2,88,0,0.0
450,Zunyi,CN,2022-05-20 22:58:33,27.6867,106.9072,61.14,89,99,2.82
451,Bafq,IR,2022-05-20 22:58:33,31.6128,55.4107,78.12,14,0,1.12
452,Airai,TL,2022-05-20 22:56:42,-8.9266,125.4092,62.29,77,50,4.0
453,Adrar,MR,2022-05-20 22:58:34,20.5022,-10.0711,87.42,8,92,3.58
454,Dudinka,RU,2022-05-20 22:58:34,69.4058,86.1778,40.62,89,84,9.44
455,Fayaoue,NC,2022-05-20 22:58:34,-20.65,166.5333,76.44,85,100,29.35
456,Anadyr,RU,2022-05-20 22:58:35,64.75,177.4833,34.3,86,100,4.47
457,Noumea,NC,2022-05-20 22:58:35,-22.2763,166.4572,78.01,99,100,18.66
458,Baracoa,CU,2022-05-20 22:58:35,20.3467,-74.4958,82.08,80,95,5.75
459,Martil,MA,2022-05-20 22:58:35,35.6166,-5.2752,67.96,83,75,6.91
460,Prince Rupert,CA,2022-05-20 22:58:36,54.3161,-130.3201,50.09,90,75,13.8
461,Le Port,RE,2022-05-20 22:58:36,-20.9373,55.2919,73.36,64,24,4.21
462,Haines Junction,CA,2022-05-20 22:58:36,60.7522,-137.5108,58.95,31,5,2.3
463,Fare,PF,2022-05-20 22:58:36,-16.7,-151.0167,80.46,71,7,9.6
464,Bairnsdale,AU,2022-05-20 22:53:57,-37.8333,147.6167,45.05,98,1,2.28
465,Ust-Nera,RU,2022-05-20 22:58:37,64.5667,143.2,37.53,76,100,5.32
466,Kholmogory,RU,2022-05-20 22:58:37,64.2229,41.656,30.31,71,100,5.03
467,Sosnovka,RU,2022-05-20 22:58:37,56.255,51.2842,36.3,90,99,9.89
468,Kabompo,ZM,2022-05-20 22:59:38,-13.5927,24.2008,59.83,61,3,3.11
469,Pelym,RU,2022-05-20 22:59:38,61.0108,61.9978,36.45,98,100,5.35
470,Ingham,US,2022-05-20 22:59:38,42.6,-84.3833,84.06,62,75,9.22
471,Takoradi,GH,2022-05-20 22:59:38,4.8845,-1.7554,79.43,84,98,9.57
472,Bridgewater,CA,2022-05-20 22:54:59,44.3835,-64.5155,53.28,62,69,13.8
473,Souillac,MU,2022-05-20 22:59:39,-20.5167,57.5167,73.78,83,40,6.91
474,Jalu,LY,2022-05-20 22:59:39,29.0331,21.5482,67.01,34,0,16.11
475,Belaya Kholunitsa,RU,2022-05-20 22:59:39,58.84,50.8528,34.43,99,100,5.5
476,Oneida,US,2022-05-20 22:59:40,43.2001,-75.4663,75.74,83,99,11.77
477,Whitecourt,CA,2022-05-20 22:56:11,54.1502,-115.6855,52.84,28,75,12.66
478,Batagay-Alyta,RU,2022-05-20 22:59:40,67.8006,130.4114,31.33,86,90,2.17
479,Cuiaba,BR,2022-05-20 22:59:17,-15.5961,-56.0967,64.33,52,0,2.3
480,Yuancheng,CN,2022-05-20 22:59:40,36.652,107.7896,63.18,56,100,3.31
481,Pandan,PH,2022-05-20 22:59:41,14.0453,124.1694,80.51,83,100,6.26
482,Cumberland,US,2022-05-20 22:59:18,35.0502,-78.8664,93.87,37,4,5.01
483,Ranghulu,CN,2022-05-20 22:59:41,46.65,124.8667,64.85,46,1,13.31
484,Flin Flon,CA,2022-05-20 22:56:11,54.7682,-101.865,44.44,49,100,10.36
485,Langtad,PH,2022-05-20 22:59:41,10.1857,123.7344,80.44,78,100,3.51
486,Leshukonskoye,RU,2022-05-20 22:59:42,64.8989,45.7622,25.97,87,21,5.5
487,Adiake,CI,2022-05-20 22:59:42,5.2863,-3.304,77.81,88,99,6.2
488,Nara,JP,2022-05-20 22:57:39,34.6851,135.8049,66.49,58,100,1.68
489,Tual,ID,2022-05-20 22:59:42,-5.6667,132.75,83.89,70,11,19.35
490,Snasa,NO,2022-05-20 22:59:42,64.2457,12.3778,51.1,79,95,5.08
491,Fort Nelson,CA,2022-05-20 22:56:11,58.8053,-122.7002,58.59,18,40,4.61
492,Clyde,US,2022-05-20 22:59:43,41.3042,-82.9752,83.7,56,100,23.96
493,Hope,US,2022-05-20 22:57:12,33.6671,-93.5916,91.08,42,0,9.75
494,Gigmoto,PH,2022-05-20 22:59:43,13.7796,124.39,81.05,84,100,8.48
495,Bodaybo,RU,2022-05-20 22:54:45,57.8506,114.1933,50.49,73,97,2.01
496,Portland,US,2022-05-20 22:58:14,45.5234,-122.6762,62.53,58,73,4.0
497,Rockhampton,AU,2022-05-20 22:59:43,-23.3833,150.5,64.29,88,75,12.66
498,Ape,LV,2022-05-20 22:59:44,57.5393,26.6929,44.71,95,100,13.47
499,Chicama,PE,2022-05-20 22:59:44,-7.8447,-79.1469,61.34,76,11,8.19
500,Morondava,MG,2022-05-20 22:59:44,-20.2833,44.2833,72.45,66,0,7.34
501,Anupgarh,IN,2022-05-20 22:59:45,29.1911,73.2086,89.49,36,0,18.99
502,Basco,PH,2022-05-20 22:59:45,20.4487,121.9702,80.76,81,100,14.03
503,Imbituba,BR,2022-05-20 22:57:52,-28.24,-48.6703,55.09,96,0,2.82
504,Rodrigues Alves,BR,2022-05-20 22:59:45,-7.738,-72.6509,79.0,74,48,0.43
505,Port Hedland,AU,2022-05-20 22:59:46,-20.3167,118.5667,73.45,100,75,4.61
506,Thunder Bay,CA,2022-05-20 22:58:50,48.4001,-89.3168,66.11,34,75,24.16
507,Rosetta,EG,2022-05-20 22:59:46,31.4044,30.4164,67.28,86,0,15.84
508,Kunashak,RU,2022-05-20 22:59:46,55.7032,61.5498,43.32,89,100,5.28
509,Hornepayne,CA,2022-05-20 22:59:47,49.2138,-84.7705,52.79,74,100,7.18
510,Northam,GB,2022-05-20 22:59:47,51.0333,-4.2167,53.62,90,17,13.27
511,Camargo,MX,2022-05-20 22:59:19,27.6667,-105.1667,92.52,5,0,20.8
512,Maragogi,BR,2022-05-20 22:59:47,-9.0122,-35.2225,75.49,91,88,4.05
513,Kostino,RU,2022-05-20 22:59:48,58.9097,53.2691,34.07,99,100,4.74
514,Smithers,CA,2022-05-20 22:59:48,54.7804,-127.1743,59.32,31,40,10.36
515,Zhaotong,CN,2022-05-20 23:00:48,27.3167,103.7167,52.14,81,100,3.53
516,Mukhen,RU,2022-05-20 23:00:49,48.1,136.1,59.47,79,100,4.97
517,Antalaha,MG,2022-05-20 23:00:49,-14.9003,50.2788,71.01,88,25,8.93
518,Baijiantan,CN,2022-05-20 23:00:49,45.6333,85.1833,71.83,40,35,5.35
519,Xam Nua,LA,2022-05-20 23:00:49,20.4197,104.0439,67.93,100,100,1.9
520,Altay,CN,2022-05-20 23:00:50,47.8667,88.1167,58.28,51,4,7.9
521,Bluefield,US,2022-05-20 23:00:04,37.2698,-81.2223,83.77,55,9,4.43
522,Batemans Bay,AU,2022-05-20 23:00:50,-35.7167,150.1833,56.1,80,82,5.3
523,Carupano,VE,2022-05-20 23:00:50,10.6678,-63.2585,77.67,81,0,12.44
524,Goderich,CA,2022-05-20 23:00:51,43.7501,-81.7165,62.44,90,87,22.01
525,Turayf,SA,2022-05-20 23:00:51,31.6725,38.6637,72.82,24,83,13.73
526,Caravelas,BR,2022-05-20 23:00:51,-17.7125,-39.2481,69.19,67,3,6.85
527,Antigonish,CA,2022-05-20 23:00:06,45.6169,-61.9986,53.82,66,3,2.48
528,Belyy Yar,RU,2022-05-20 23:00:52,53.6039,91.3903,48.09,93,0,2.24
529,Santa Isabel,BR,2022-05-20 23:00:52,-23.3156,-46.2214,53.31,95,6,0.76
530,Victor Harbor,AU,2022-05-20 22:56:39,-35.5667,138.6167,44.67,75,66,7.47
531,Sol-Iletsk,RU,2022-05-20 23:00:52,51.1631,54.9918,42.87,94,100,7.09
532,Kanel,SN,2022-05-20 23:00:53,15.4916,-13.1763,94.84,10,34,8.99
533,Petrozavodsk,RU,2022-05-20 23:00:53,61.7849,34.3469,34.25,75,51,2.19
534,Wuwei,CN,2022-05-20 22:57:49,37.9281,102.6414,64.02,33,100,4.21
535,Killarney,IE,2022-05-20 23:00:53,52.05,-9.5167,47.23,97,53,4.97
536,Altamira,BR,2022-05-20 22:59:05,-3.2033,-52.2064,70.75,95,100,1.23
537,Tahe,CN,2022-05-20 23:00:54,52.3333,124.7333,53.58,52,15,8.52
538,Zhangjiakou,CN,2022-05-20 23:00:54,40.81,114.8794,70.05,23,0,1.39
539,Hualmay,PE,2022-05-20 23:00:55,-11.0964,-77.6139,65.84,86,37,9.4
540,Ohangaron,UZ,2022-05-20 23:00:55,40.9064,69.6383,64.54,52,50,5.93
541,Omsukchan,RU,2022-05-20 23:00:55,62.5333,155.8,34.99,90,100,5.77
542,Mariana,BR,2022-05-20 22:57:40,-20.3778,-43.4161,52.68,82,0,1.34
543,Jiangkou,CN,2022-05-20 23:00:56,25.4872,119.1986,69.91,84,81,4.54
544,Tamiahua,MX,2022-05-20 23:00:56,21.2667,-97.45,85.53,68,5,17.6
545,Bela,IN,2022-05-20 23:00:56,25.9333,81.9833,85.93,63,8,10.29
546,Juba,SS,2022-05-20 23:00:57,4.8517,31.5825,72.9,76,82,6.24
547,Cowra,AU,2022-05-20 23:00:57,-33.8333,148.6833,54.64,74,24,10.02
548,Vrangel,RU,2022-05-20 23:00:57,42.7297,133.0839,56.14,76,7,6.31
549,Aripuana,BR,2022-05-20 23:00:23,-9.1667,-60.6333,70.47,68,66,1.07
550,Tacuarembo,UY,2022-05-20 23:00:58,-31.7333,-55.9833,48.36,84,3,5.21
551,Paragominas,BR,2022-05-20 22:56:18,-2.9667,-47.4833,70.83,83,100,2.68
552,Waipawa,NZ,2022-05-20 23:00:35,-41.4122,175.5153,53.24,61,3,17.54
553,Sale,MA,2022-05-20 23:00:58,34.0389,-6.8166,70.48,88,75,9.22
554,Parchim,DE,2022-05-20 23:00:59,53.4263,11.8488,60.1,92,90,27.89
555,Baillif,GP,2022-05-20 23:01:00,16.0202,-61.7463,81.9,73,2,12.55
556,Burnie,AU,2022-05-20 23:01:00,-41.0667,145.9167,50.95,81,76,4.54
